{"cameraMode":{"drawMode":0,"name":"Shaded","section":"Shading Mode"},"sceneLighting":false,"audioPlay":false,"sceneViewState":{"m_AlwaysRefresh":false,"showFog":true,"showSkybox":false,"showFlares":true,"showImageEffects":true,"showParticleSystems":true,"showVisualEffectGraphs":true,"m_FxEnabled":false},"in2DMode":false,"pivot":{"x":11.005422592163086,"y":-3.0644049644470217,"z":-2.8587002754211427},"rotation":{"x":0.09732092916965485,"y":0.022390998899936677,"z":-0.0021900220308452846,"w":0.9949992299079895},"size":9.66445541381836,"orthographic":false}