{"cameraMode":{"drawMode":0,"name":"Shaded","section":"Shading Mode"},"sceneLighting":false,"audioPlay":false,"sceneViewState":{"m_AlwaysRefresh":false,"showFog":true,"showSkybox":false,"showFlares":true,"showImageEffects":true,"showParticleSystems":true,"showVisualEffectGraphs":true,"m_FxEnabled":false},"in2DMode":false,"pivot":{"x":50.03971481323242,"y":-0.6837571859359741,"z":-2.058473587036133},"rotation":{"x":0.037480369210243228,"y":-0.023980842903256418,"z":0.00089976005256176,"w":0.9990100860595703},"size":9.625676155090332,"orthographic":false}