{"cameraMode":{"drawMode":0,"name":"Shaded","section":"Shading Mode"},"sceneLighting":false,"audioPlay":false,"sceneViewState":{"m_AlwaysRefresh":false,"showFog":true,"showSkybox":false,"showFlares":true,"showImageEffects":true,"showParticleSystems":true,"showVisualEffectGraphs":true,"m_FxEnabled":false},"in2DMode":false,"pivot":{"x":20.427003860473634,"y":-7.6617889404296879,"z":3.957672119140625},"rotation":{"x":0.07333271205425263,"y":-0.052334610372781757,"z":0.0038535278290510179,"w":0.9959278702735901},"size":10.540482521057129,"orthographic":false}